{
    "title": "VH Consulting",
    "logo": "https://example.com/logo.png",

    "heroTitle": "Datagedreven bedrijfsvoering voor iedereen",
    "heroSubtitle": "In elk (midden)klein bedrijf kom ik hetzelfde laaghangende fruit tegen. Door processen te optimaliseren en strategische keuzes te maken op basis van data, kun je jouw bedrijf naar het volgende niveau tillen. Samen ontdekken we nieuwe kansen, valideren we onderbuikgevoelens en zorgen we voor duurzame groei.",
    "heroCTAText": "Mijn verhaal",
    "heroCTAUrl": "https://example.com/tools",

    "block1Title": "Datagedreven",
    "block1Text": "Valideer onderbuikgevoelens en ontdek kansen met data. Met datagedreven inzichten kun je efficiënter werken, betere beslissingen nemen en je concurrentiepositie versterken. Wij helpen je patronen te ontdekken in complexe datasets, waardoor je meer grip krijgt op je processen. Of het nu gaat om operationele verbeteringen, klantgedrag of financiële prestaties, onze aanpak is volledig afgestemd op jouw unieke behoeften.",
    "block1Image": "https://spew20aecb.23.sub-site.eu/data-analytics.jpg",
    "block1CTAUrl": "https://example.com/order-now",

    "block2Title": "AI",
    "block2Text": "Implementeer gemakkelijk de kracht van AI en versnel. Kunstmatige intelligentie biedt ongekende mogelijkheden om je bedrijf te transformeren. Van geautomatiseerde processen en slimme aanbevelingen tot klantgerichte chatbots, wij zorgen dat AI toegankelijk wordt voor jouw organisatie. Door de nieuwste technologieën te combineren met praktische toepassingen, helpen we je efficiënter te werken en je doelen sneller te bereiken.",
    "block2Image": "https://spew20aecb.23.sub-site.eu/ai.jpg",
    "block2CTAUrl": "https://example.com/order-now",

    "block3Title": "Complete aanpak",
    "block3Text": "Verbeter je complete bedrijfsvoering, van online&marketing tot HR&logistiek. Onze holistische aanpak zorgt ervoor dat jouw bedrijf als een goed geoliede machine werkt. Wij analyseren je huidige processen, identificeren knelpunten en bieden op maat gemaakte oplossingen die direct impact hebben. Of het nu gaat om het stroomlijnen van je supply chain, het optimaliseren van je personeel of het verhogen van je marketingconversies, wij bieden volledige ondersteuning.",
    "block3Image": "https://example.com/hypotheek.jpg",
    "block3CTAUrl": "https://example.com/order-now",

    "facebook": "https://facebook.com/FeitenInFinancien",
    "twitter": "https://twitter.com/FeitenInFinancien",
    "linkedin": "https://linkedin.com/company/FeitenInFinancien"
}
