{
    "title": "Lorem Ipsum Template",
    "logo": "https://via.placeholder.com/150?text=LOGO", 

    "heroTitle": "Welkom op jouw nieuwe website!",
    "heroSubtitle": "Gebruik deze plek om bezoekers in één zin te vertellen wat je aanbiedt. Trek hun aandacht en geef ze een reden om verder te lezen.",
    "heroCTAText": "Lees meer",
    "heroCTAUrl": "https://example.com/template-details",

    "block1Title": "Plaats hier je belangrijkste boodschap",
    "block1Text": "Dit is de plek om bezoekers te overtuigen van jouw waarde. Beschrijf kort en krachtig waarom jouw diensten of producten hen helpen. Gebruik pakkende taal en wees specifiek. Bijvoorbeeld: 'Onze software verhoogt je productiviteit met 50% in slechts 30 dagen!'",
    "block1Image": "https://via.placeholder.com/600x400?text=Jouw+Afbeelding+Hier",
    "block1CTAUrl": "https://example.com/start",

    "block2Title": "Vertel meer over je bedrijf",
    "block2Text": "Gebruik dit blok om bezoekers een idee te geven van wie je bent en wat je doet. Geef achtergrondinformatie over je missie, visie, en waarom jouw bedrijf uniek is. Bijvoorbeeld: 'Met meer dan 10 jaar ervaring in de branche weten we hoe we resultaten kunnen leveren.'",
    "block2Image": "https://via.placeholder.com/600x400?text=Bedrijfsinfo+Afbeelding",
    "block2CTAUrl": "#",

    "block3Title": "Plaats hier je klanten of successen",
    "block3Text": "Social proof is krachtig! Gebruik dit blok om testimonials van klanten of voorbeelden van behaalde successen te delen. Bijvoorbeeld: '90% van onze klanten zegt dat ze meer omzet hebben behaald dankzij onze tools.'",
    "block3Image": "https://via.placeholder.com/600x400?text=Successen+Afbeelding",
    "block3CTAUrl": "https://example.com/success-stories",

    "block4Title": "Deel je contactgegevens",
    "block4Text": "Maak het bezoekers makkelijk om contact met je op te nemen. Deel hier je e-mailadres, telefoonnummer, of een link naar een contactformulier. Bijvoorbeeld: 'Heb je vragen? We horen graag van je! Neem contact op via info@jouwdomein.nl.'",
    "block4Image": "https://via.placeholder.com/600x400?text=Contact+Afbeelding",
    "block4CTAUrl": "https://example.com/contact",

    "facebook": "https://facebook.com/LoremIpsumTemplate",
    "twitter": "https://twitter.com/LoremIpsumTemplate",
    "linkedin": "https://linkedin.com/company/LoremIpsumTemplate"
}
